candidate_id,name,email,phone,location,current_title,current_company,years_experience,skills,domain,last_active,profile_completeness,activity_score,career_history,education,headline,summary,country,current_company_size,current_industry,certifications,languages,redrob_signals
C001,Arjun Sharma,arjun.sharma@email.com,+91-9876543210,Bangalore,Senior Software Engineer,Flipkart,6.0,Python;FastAPI;PostgreSQL;Redis;Docker;Kubernetes;AWS,ecommerce,2026-06-15,0.95,0.88,"[{""title"": ""Senior Software Engineer"", ""company"": ""Flipkart"", ""start_date"": ""2022-01"", ""end_date"": ""present"", ""description"": ""Led backend microservices team handling 10M daily transactions. Python FastAPI PostgreSQL Redis""}, {""title"": ""Software Engineer"", ""company"": ""Ola"", ""start_date"": ""2019-07"", ""end_date"": ""2021-12"", ""description"": ""Ride-matching algorithms Python Django""}, {""title"": ""Junior Developer"", ""company"": ""Infosys"", ""start_date"": ""2017-07"", ""end_date"": ""2019-06"", ""description"": ""Java Spring Boot REST APIs""}]","[{""degree"": ""B.Tech"", ""field"": ""Computer Science"", ""school"": ""IIT Bombay"", ""year"": 2017}]",Senior Backend Developer | Python & Distributed Systems Specialist,"Experienced backend engineer focused on building highly scalable microservices, relational databases, and cloud infrastructure.",India,Large,E-Commerce,AWS Certified Solutions Architect,English;Hindi,"{""github_activity_score"": 88, ""profile_completeness_score"": 95, ""last_active_date"": ""2026-06-15""}"
C002,Priya Nair,priya.nair@email.com,+91-9123456789,Hyderabad,Data Scientist,Google,5.0,Python;TensorFlow;PyTorch;Scikit-learn;SQL;Spark;NLP;Machine Learning,healthtech,2026-06-10,0.92,0.82,"[{""title"": ""Data Scientist"", ""company"": ""Google"", ""start_date"": ""2021-03"", ""end_date"": ""present"", ""description"": ""NLP models for healthcare search. TensorFlow PyTorch Vertex AI""}, {""title"": ""Junior Data Scientist"", ""company"": ""Mu Sigma"", ""start_date"": ""2018-07"", ""end_date"": ""2021-02"", ""description"": ""Machine learning models for insurance fraud detection""}]","[{""degree"": ""M.Tech"", ""field"": ""Data Science"", ""school"": ""IIT Delhi"", ""year"": 2018}]",Data Scientist | NLP & Deep Learning Expert,Specialist in designing and deploying deep learning models for natural language processing and clinical text analysis.,India,Large,Technology,Google Cloud Professional Data Engineer,English;Malayalam;Tamil,"{""github_activity_score"": 82, ""profile_completeness_score"": 92, ""last_active_date"": ""2026-06-10""}"
C003,Rahul Gupta,rahul.gupta@email.com,+91-9988776655,Mumbai,Full Stack Developer,Razorpay,4.0,React;Node.js;TypeScript;MongoDB;GraphQL;AWS;Docker;Redis,fintech,2026-06-18,0.9,0.91,"[{""title"": ""Full Stack Developer"", ""company"": ""Razorpay"", ""start_date"": ""2022-04"", ""end_date"": ""present"", ""description"": ""Payment gateway frontend and backend React Node.js TypeScript GraphQL""}, {""title"": ""Frontend Developer"", ""company"": ""Swiggy"", ""start_date"": ""2020-01"", ""end_date"": ""2022-03"", ""description"": ""React Redux performance optimization consumer app""}]","[{""degree"": ""B.E."", ""field"": ""Information Technology"", ""school"": ""VIT Vellore"", ""year"": 2020}]",Full Stack Engineer | React & Node.js Specialist,"Building modern fintech web applications with focus on performance, security, and rich interactive dashboards.",India,Medium,FinTech,React Advanced Developer Certification,English;Hindi;Gujarati,"{""github_activity_score"": 91, ""profile_completeness_score"": 90, ""last_active_date"": ""2026-06-18""}"
C004,Sneha Patel,sneha.patel@email.com,+91-9765432109,Pune,DevOps Engineer,Oracle,7.0,Kubernetes;Docker;Terraform;Jenkins;AWS;GCP;Ansible;Linux;Python,saas,2025-12-01,0.75,0.45,"[{""title"": ""DevOps Engineer"", ""company"": ""Oracle"", ""start_date"": ""2017-07"", ""end_date"": ""present"", ""description"": ""CI/CD pipelines Kubernetes Docker Terraform AWS infrastructure""}]","[{""degree"": ""B.Tech"", ""field"": ""Electronics"", ""school"": ""Pune University"", ""year"": 2017}]",DevOps & Infrastructure Architect | Kubernetes & Cloud Specialist,"Passionate about automating software delivery pipelines, managing container orchestration, and multi-cloud infrastructure.",India,Large,IT Services,Certified Kubernetes Administrator (CKA),English;Marathi,"{""github_activity_score"": 45, ""profile_completeness_score"": 75, ""last_active_date"": ""2025-12-01""}"
C005,Vikram Singh,vikram.singh@email.com,+91-9654321098,Delhi,Engineering Manager,PhonePe,10.0,Python;System Design;Team Leadership;Microservices;AWS;PostgreSQL;Redis;Kafka,fintech,2026-06-20,0.98,0.95,"[{""title"": ""Engineering Manager"", ""company"": ""PhonePe"", ""start_date"": ""2021-01"", ""end_date"": ""present"", ""description"": ""Managing 15-engineer team payments infrastructure 50M daily transactions""}, {""title"": ""Senior Software Engineer"", ""company"": ""Paytm"", ""start_date"": ""2018-06"", ""end_date"": ""2020-12"", ""description"": ""Payments backend Python microservices Kafka""}, {""title"": ""Software Engineer"", ""company"": ""MakeMyTrip"", ""start_date"": ""2015-07"", ""end_date"": ""2018-05"", ""description"": ""Booking systems Java Spring""}, {""title"": ""Junior Engineer"", ""company"": ""TCS"", ""start_date"": ""2013-07"", ""end_date"": ""2015-06"", ""description"": ""Java development enterprise applications""}]","[{""degree"": ""B.Tech"", ""field"": ""Computer Science"", ""school"": ""BITS Pilani"", ""year"": 2013}]",Engineering Manager | Scalable Payments Infrastructure Leader,"Technical manager leading high-performance engineering teams. Expert in distributed databases, microservices, and high-throughput systems.",India,Large,FinTech,Scrum Alliance Certified Product Owner,English;Hindi;Punjabi,"{""github_activity_score"": 95, ""profile_completeness_score"": 98, ""last_active_date"": ""2026-06-20""}"
C006,Anjali Mehta,anjali.mehta@email.com,+91-9543210987,Bangalore,Product Manager,Meesho,5.0,Product Strategy;Roadmap;SQL;Data Analysis;A/B Testing;Agile;User Research,ecommerce,2026-06-01,0.85,0.72,"[{""title"": ""Product Manager"", ""company"": ""Meesho"", ""start_date"": ""2021-08"", ""end_date"": ""present"", ""description"": ""Social commerce product 0 to 1 features grew GMV 3x""}, {""title"": ""Associate Product Manager"", ""company"": ""Nykaa"", ""start_date"": ""2019-06"", ""end_date"": ""2021-07"", ""description"": ""Beauty ecommerce checkout funnel optimization""}]","[{""degree"": ""MBA"", ""field"": ""Marketing"", ""school"": ""IIM Ahmedabad"", ""year"": 2019}]",Product Manager | E-commerce Funnel & Growth Specialist,"Data-driven product manager focused on optimizing purchase funnels, growth engineering, and customer acquisition campaigns.",India,Large,E-Commerce,Product School Certified Product Manager,English;Hindi;Marathi,"{""github_activity_score"": 72, ""profile_completeness_score"": 85, ""last_active_date"": ""2026-06-01""}"
C007,Rohan Verma,rohan.verma@email.com,+91-9432109876,Chennai,Backend Engineer,CRED,3.0,Go;Python;PostgreSQL;Redis;gRPC;Kafka;Docker,fintech,2026-06-19,0.88,0.87,"[{""title"": ""Backend Engineer"", ""company"": ""CRED"", ""start_date"": ""2023-01"", ""end_date"": ""present"", ""description"": ""Credit card rewards backend Go gRPC Kafka PostgreSQL""}, {""title"": ""Software Developer"", ""company"": ""Juspay"", ""start_date"": ""2020-07"", ""end_date"": ""2022-12"", ""description"": ""Payment routing engine Haskell Python""}]","[{""degree"": ""B.Tech"", ""field"": ""Computer Science"", ""school"": ""NIT Trichy"", ""year"": 2020}]",Go backend developer specializing in fast gRPC microservices,"3 years experience building fintech payment services and processing workflows using Go, Kafka, and Redis.",India,Medium,FinTech,,English;Tamil,"{""github_activity_score"": 87, ""profile_completeness_score"": 88, ""last_active_date"": ""2026-06-19""}"
C008,Kavya Reddy,kavya.reddy@email.com,+91-9321098765,Hyderabad,ML Engineer,Amazon,4.0,Python;PyTorch;TensorFlow;MLflow;AWS SageMaker;Docker;Spark;Feature Engineering,ecommerce,2026-05-28,0.93,0.79,"[{""title"": ""ML Engineer"", ""company"": ""Amazon"", ""start_date"": ""2022-02"", ""end_date"": ""present"", ""description"": ""Recommendation systems PyTorch SageMaker serving 100M users""}, {""title"": ""Data Engineer"", ""company"": ""Walmart Labs"", ""start_date"": ""2019-08"", ""end_date"": ""2022-01"", ""description"": ""Data pipelines Spark Hadoop feature store""}]","[{""degree"": ""M.S."", ""field"": ""Computer Science"", ""school"": ""IIIT Hyderabad"", ""year"": 2019}]",Machine Learning Engineer | Recommendation Engine Architect,"Specialized in large-scale real-time recommendation engines, deep learning inference optimizations, and feature stores.",India,Large,Technology,,English;Telugu,"{""github_activity_score"": 79, ""profile_completeness_score"": 93, ""last_active_date"": ""2026-05-28""}"
C009,Aditya Kumar,aditya.kumar@email.com,+91-9210987654,Gurgaon,Security Engineer,Zomato,5.0,Cybersecurity;Penetration Testing;Python;SIEM;AWS Security;OWASP;Burp Suite,ecommerce,2025-08-15,0.7,0.38,"[{""title"": ""Security Engineer"", ""company"": ""Zomato"", ""start_date"": ""2021-03"", ""end_date"": ""present"", ""description"": ""Application security penetration testing SIEM incident response""}, {""title"": ""Security Analyst"", ""company"": ""Wipro"", ""start_date"": ""2018-07"", ""end_date"": ""2021-02"", ""description"": ""SOC analyst SIEM tools network security""}]","[{""degree"": ""B.Tech"", ""field"": ""Information Security"", ""school"": ""SRM University"", ""year"": 2018}]",Information Security Specialist | Certified Ethical Hacker,"Securing web applications and cloud deployments. Expertise in vulnerability scans, threat modeling, and OWASP Top 10 remediation.",India,Large,FoodTech,Certified Ethical Hacker (CEH),English;Hindi,"{""github_activity_score"": 38, ""profile_completeness_score"": 70, ""last_active_date"": ""2025-08-15""}"
C010,Deepika Joshi,deepika.joshi@email.com,+91-9109876543,Bangalore,Senior Frontend Engineer,Groww,4.0,React;TypeScript;Next.js;GraphQL;Testing;Performance Optimization;CSS;Redux,fintech,2026-06-17,0.91,0.84,"[{""title"": ""Senior Frontend Engineer"", ""company"": ""Groww"", ""start_date"": ""2022-06"", ""end_date"": ""present"", ""description"": ""Wealth management platform React TypeScript Next.js serving 10M investors""}, {""title"": ""Frontend Engineer"", ""company"": ""Zerodha"", ""start_date"": ""2019-10"", ""end_date"": ""2022-05"", ""description"": ""Trading dashboard React Redux real-time data WebSockets""}]","[{""degree"": ""B.E."", ""field"": ""Computer Science"", ""school"": ""RV College of Engineering"", ""year"": 2019}]","Senior Frontend Developer | React, Next.js & Performance Specialist",Passionate about creating clean user interfaces and optimizing web applications for maximum load speed and responsiveness.,India,Medium,FinTech,,English;Hindi;Kannada,"{""github_activity_score"": 84, ""profile_completeness_score"": 91, ""last_active_date"": ""2026-06-17""}"
C011,Alex Mercer,alex.mercer@email.com,+1-555-0199,San Francisco,Staff Backend Engineer,Stripe,9.0,Ruby on Rails;Go;Scala;PostgreSQL;Redis;Kafka;Kubernetes;Distributed Systems,fintech,2026-06-22,0.96,0.92,"[{""title"": ""Staff Backend Engineer"", ""company"": ""Stripe"", ""start_date"": ""2021-08"", ""end_date"": ""present"", ""description"": ""Scaling checkout APIs and billing systems in Go and Ruby. Designing active-active replication models.""}, {""title"": ""Senior Engineer"", ""company"": ""Uber"", ""start_date"": ""2017-06"", ""end_date"": ""2021-07"", ""description"": ""Developed dispatch microservices using Go and Cassandra.""}]","[{""degree"": ""B.S."", ""field"": ""Computer Science"", ""school"": ""Stanford University"", ""year"": 2017}]",Staff Engineer | Distributed Systems & High-Throughput APIs,"Over 9 years of designing robust payment systems and high-throughput microservices. Expert in Go, distributed consensus, and messaging pipelines.",United States,Large,FinTech,,English,"{""github_activity_score"": 92, ""profile_completeness_score"": 96, ""last_active_date"": ""2026-06-22""}"
C012,Sarah Jenkins,sarah.j@email.com,+1-555-0144,New York,Lead Genomics Researcher,Flatiron Health,8.0,Python;R;Bioinformatics;Genomics;SQL;Spark;Clinical Trials;Machine Learning,healthtech,2026-06-14,0.94,0.8,"[{""title"": ""Lead Genomics Researcher"", ""company"": ""Flatiron Health"", ""start_date"": ""2020-03"", ""end_date"": ""present"", ""description"": ""Applying machine learning models on genetic profiles and cancer patient electronic health records.""}, {""title"": ""Bioinformatics Analyst"", ""company"": ""Broad Institute"", ""start_date"": ""2018-05"", ""end_date"": ""2020-02"", ""description"": ""Processing sequencing data and variant call pipelines.""}]","[{""degree"": ""Ph.D."", ""field"": ""Bioinformatics"", ""school"": ""MIT"", ""year"": 2018}]",Ph.D. Bioinformatician | Machine Learning for Clinical Genomics,Applying advanced machine learning models to petabyte-scale genomic and clinical trial datasets to accelerate cancer research.,United States,Medium,Healthcare,,English;French,"{""github_activity_score"": 80, ""profile_completeness_score"": 94, ""last_active_date"": ""2026-06-14""}"
C013,Marcus Aurelius,marcus.aurelius@email.com,+39-06-5551,Rome,Principal Architect,SaaSify,15.0,Java;Spring Boot;System Design;PostgreSQL;Azure;Enterprise Architecture;Multi-tenancy,saas,2026-06-23,0.97,0.89,"[{""title"": ""Principal Architect"", ""company"": ""SaaSify"", ""start_date"": ""2019-10"", ""end_date"": ""present"", ""description"": ""Architected multi-tenant SaaS CRM core. Scaled from 10k to 5M daily active users.""}, {""title"": ""Lead Architect"", ""company"": ""Accenture"", ""start_date"": ""2011-02"", ""end_date"": ""2019-09"", ""description"": ""Managed cloud migrations for enterprise financial clients.""}]","[{""degree"": ""M.S."", ""field"": ""Software Engineering"", ""school"": ""University of Rome"", ""year"": 2011}]",Principal Architect | SaaS Core Multi-Tenancy Leader,"15+ years experience building highly configurable, scalable multi-tenant architectures, database clustering, and secure Azure integrations.",Italy,Large,SaaS,Azure Solutions Architect Expert,English;Italian;Latin,"{""github_activity_score"": 89, ""profile_completeness_score"": 97, ""last_active_date"": ""2026-06-23""}"
C014,Elena Rostova,elena.r@email.com,+7-903-5552,Moscow,React Frontend Developer,Yandex,2.0,JavaScript;React;TypeScript;CSS;HTML;Webpack;Redux Toolkit,ecommerce,2026-06-21,0.89,0.9,"[{""title"": ""React Frontend Developer"", ""company"": ""Yandex"", ""start_date"": ""2024-03"", ""end_date"": ""present"", ""description"": ""Building interactive product search pages and filters for Yandex Market.""}, {""title"": ""Junior Frontend Dev"", ""company"": ""Ozon"", ""start_date"": ""2023-03"", ""end_date"": ""2024-02"", ""description"": ""Maintaining checkout forms and cart React components.""}]","[{""degree"": ""B.S."", ""field"": ""Applied Mathematics"", ""school"": ""Moscow State University"", ""year"": 2023}]",React Developer | Front-End & TypeScript Specialist,Young frontend engineer passionate about building high-performance e-commerce interfaces and responsive web layouts.,Russia,Large,E-Commerce,,English;Russian,"{""github_activity_score"": 90, ""profile_completeness_score"": 89, ""last_active_date"": ""2026-06-21""}"
C015,Kenji Sato,k.sato@email.com,+81-90-5553,Tokyo,Lead Game Developer,Square Enix,8.0,C++;C#;Unity;Unreal Engine;DirectX;3D Graphics;Physics;Network Multiplayer,gaming,2026-06-11,0.93,0.77,"[{""title"": ""Lead Game Developer"", ""company"": ""Square Enix"", ""start_date"": ""2020-04"", ""end_date"": ""present"", ""description"": ""Leading rendering engine optimization and multiplayer system architecture for AAA titles.""}, {""title"": ""Game Developer"", ""company"": ""Capcom"", ""start_date"": ""2018-05"", ""end_date"": ""2020-03"", ""description"": ""C++ graphics programming and shader optimization.""}]","[{""degree"": ""B.S."", ""field"": ""Computer Graphics"", ""school"": ""Tokyo Institute of Technology"", ""year"": 2018}]",Lead Game Developer | C++ & Unreal Engine Graphics Expert,"Specialist in game engine mechanics, real-time shaders, 3D math, and high-performance multithreaded network programming.",Japan,Large,Gaming,,English;Japanese,"{""github_activity_score"": 77, ""profile_completeness_score"": 93, ""last_active_date"": ""2026-06-11""}"
C016,Claire Dupont,claire.dupont@email.com,+33-6-5554,Paris,Network Software Engineer,Orange,6.0,C;Linux Kernel;TCP/IP;DPDK;5G Architecture;Python;Wireshark;Network Security,telecom,2026-06-05,0.9,0.81,"[{""title"": ""Network Software Engineer"", ""company"": ""Orange"", ""start_date"": ""2022-01"", ""end_date"": ""present"", ""description"": ""Optimizing packet processing pipelines using DPDK and writing custom Linux kernel networking modules.""}, {""title"": ""Systems Developer"", ""company"": ""Alcatel-Lucent"", ""start_date"": ""2020-06"", ""end_date"": ""2021-12"", ""description"": ""Implemented routing protocols for embedded telecommunication hardware.""}]","[{""degree"": ""M.S."", ""field"": ""Telecommunications"", ""school"": ""Telecom Paris"", ""year"": 2020}]",Network Engineer | Linux Kernel & DPDK Packet Processing Specialist,"Expert in telecommunication protocols, kernel programming, and optimizing packet routing systems for low-latency 5G setups.",France,Large,Telecommunications,CCIE Routing and Switching,English;French;Spanish,"{""github_activity_score"": 81, ""profile_completeness_score"": 90, ""last_active_date"": ""2026-06-05""}"
C017,Devin Jones,devin.j@email.com,+1-555-0112,Chicago,HR Systems Lead,Workday,7.0,Workday;Integration;SaaS;API;Python;SQL;Tableau;Enterprise Software,hrtech,2026-05-15,0.88,0.65,"[{""title"": ""HR Systems Lead"", ""company"": ""Workday"", ""start_date"": ""2021-04"", ""end_date"": ""present"", ""description"": ""Designing custom integration architectures and payroll APIs for Fortune 100 enterprise customers.""}, {""title"": ""Senior Solutions Engineer"", ""company"": ""ADP"", ""start_date"": ""2019-03"", ""end_date"": ""2021-03"", ""description"": ""Configuring enterprise payroll databases and custom field mappings.""}]","[{""degree"": ""B.S."", ""field"": ""Management Information Systems"", ""school"": ""University of Illinois"", ""year"": 2019}]",HR Systems Integration Lead | Workday & Enterprise SaaS Specialist,"7+ years bridging HR business operations and SaaS technology. Expert in Workday studio, custom payroll connectors, and data audits.",United States,Large,HR Tech,Workday Integration Certified Consultant,English,"{""github_activity_score"": 65, ""profile_completeness_score"": 88, ""last_active_date"": ""2026-05-15""}"
C018,Viktor Reznov,viktor.reznov@email.com,+49-89-5555,Munich,Lead Security Researcher,Siemens,11.0,Reverse Engineering;Exploit Development;C;Assembly;Python;Malware Analysis;Cybersecurity,cybersecurity,2026-06-24,0.98,0.94,"[{""title"": ""Lead Security Researcher"", ""company"": ""Siemens"", ""start_date"": ""2020-09"", ""end_date"": ""present"", ""description"": ""Conducting vulnerability research on industrial IoT systems. Finding 0-days in firmware implementations.""}, {""title"": ""Senior Security Consultant"", ""company"": ""NCC Group"", ""start_date"": ""2015-03"", ""end_date"": ""2020-08"", ""description"": ""Conducted external network red-teaming and code audits for financial institutions.""}]","[{""degree"": ""M.S."", ""field"": ""Information Security"", ""school"": ""TU Munich"", ""year"": 2015}]",Lead Security Researcher | Firmware Reverse Engineer & 0-Day Finder,"11+ years experience in vulnerability research, binary analysis, hardware hacking, and reverse engineering critical IoT infrastructure.",Germany,Large,Industrial Technology,Offensive Security Certified Expert (OSCE),English;German;Russian,"{""github_activity_score"": 94, ""profile_completeness_score"": 98, ""last_active_date"": ""2026-06-24""}"
C019,Sarah Chen,sarah.chen@email.com,+65-9555-0167,Singapore,Smart Contract Developer,ConsenSys,4.0,Solidity;Web3.js;Rust;Ethers.js;Go;Cryptography;DeFi;Audit;Ethereum,blockchain,2026-06-25,0.94,0.96,"[{""title"": ""Smart Contract Developer"", ""company"": ""ConsenSys"", ""start_date"": ""2023-01"", ""end_date"": ""present"", ""description"": ""Writing and auditing Solidity and Rust smart contracts for high-volume DeFi credit protocols.""}, {""title"": ""Blockchain Engineer"", ""company"": ""TenX"", ""start_date"": ""2022-06"", ""end_date"": ""2022-12"", ""description"": ""Integrated cryptocurrency payments and wallet structures.""}]","[{""degree"": ""B.S."", ""field"": ""Computer Science"", ""school"": ""National University of Singapore"", ""year"": 2022}]","Smart Contract Engineer | Solidity, DeFi & Rust Cryptography Specialist","Expert blockchain developer designing secure EVM smart contracts, gas optimization techniques, and multi-signature vaults.",Singapore,Medium,Blockchain,ConsenSys Certified Blockchain Developer,English;Mandarin,"{""github_activity_score"": 96, ""profile_completeness_score"": 94, ""last_active_date"": ""2026-06-25""}"
C020,Diego Fernandez,diego.f@email.com,+34-655-5556,Madrid,Operations Systems Specialist,LogiTech,5.0,Python;SQL;Docker;Operations Research;Linear Programming;GIS;Logistics Systems,logistics,2026-06-03,0.87,0.7,"[{""title"": ""Operations Systems Specialist"", ""company"": ""LogiTech"", ""start_date"": ""2022-02"", ""end_date"": ""present"", ""description"": ""Designing vehicle route optimization algorithms using Python and Operations Research packages.""}, {""title"": ""Logistics Analyst"", ""company"": ""DHL"", ""start_date"": ""2021-06"", ""end_date"": ""2022-01"", ""description"": ""Analyzing distribution hubs throughput and warehouse queue systems.""}]","[{""degree"": ""M.S."", ""field"": ""Operations Research"", ""school"": ""Polytechnic University of Madrid"", ""year"": 2021}]",Operations Research Engineer | Routing & Warehouse Optimization Specialist,"Bridging mathematics and software engineering to solve logistics bottleneck, vehicle routing, and distribution networks challenges.",Spain,Medium,Logistics,,English;Spanish,"{""github_activity_score"": 70, ""profile_completeness_score"": 87, ""last_active_date"": ""2026-06-03""}"
C021,Amina Diop,amina.diop@email.com,+221-77-5557,Dakar,LMS System Specialist,Eduroute,3.0,PHP;Laravel;JavaScript;Vue.js;MySQL;LMS;Moodle;REST APIs,edtech,2026-06-19,0.85,0.75,"[{""title"": ""LMS System Specialist"", ""company"": ""Eduroute"", ""start_date"": ""2023-04"", ""end_date"": ""present"", ""description"": ""Developing customized Moodle plug-ins and interactive dashboards using Laravel and Vue.js.""}, {""title"": ""Full Stack Dev"", ""company"": ""Freelance"", ""start_date"": ""2022-06"", ""end_date"": ""2023-03"", ""description"": ""Built educational websites and homework portal software for local schools.""}]","[{""degree"": ""B.S."", ""field"": ""Computer Engineering"", ""school"": ""Cheikh Anta Diop University"", ""year"": 2022}]",EdTech Laravel Developer | Moodle & Interactive LMS Specialist,"Specialized in customized learning management systems, student data reports, and interactive curriculum delivery features.",Senegal,Small,Education,,English;French;Wolof,"{""github_activity_score"": 75, ""profile_completeness_score"": 85, ""last_active_date"": ""2026-06-19""}"
C022,Liam Anderson,liam.a@email.com,+1-555-0133,Seattle,Senior AdTech Developer,Amazon,7.0,Java;C++;Go;Kafka;Aerospike;SQL;Spark;Real-time Bidding;AdTech,adtech,2026-06-20,0.94,0.88,"[{""title"": ""Senior AdTech Developer"", ""company"": ""Amazon"", ""start_date"": ""2022-05"", ""end_date"": ""present"", ""description"": ""Optimizing latency on Amazon Demand Side Platform (DSP). Processing bids under 10ms using Aerospike and Go.""}, {""title"": ""Software Engineer"", ""company"": ""The Trade Desk"", ""start_date"": ""2019-06"", ""end_date"": ""2022-04"", ""description"": ""Maintained bidding pipeline databases and Kafka log consumers.""}]","[{""degree"": ""B.S."", ""field"": ""Computer Science"", ""school"": ""University of Washington"", ""year"": 2019}]",Senior AdTech Engineer | Real-Time Bidding & Low Latency Specialist,"7+ years building low-latency bidding engines, data pipelines, and highly available caching layers for DSP/SSP networks.",United States,Large,Advertising,,English,"{""github_activity_score"": 88, ""profile_completeness_score"": 94, ""last_active_date"": ""2026-06-20""}"
C023,Sofia Rossi,sofia.rossi@email.com,+39-02-5558,Milan,Senior Data Analyst,Nexi,6.0,Python;SQL;Tableau;Pandas;Data Visualization;BigQuery;Stats;A/B Testing,fintech,2026-06-22,0.91,0.82,"[{""title"": ""Senior Data Analyst"", ""company"": ""Nexi"", ""start_date"": ""2021-09"", ""end_date"": ""present"", ""description"": ""Designing automated transaction fraud alerts and conducting weekly A/B tests for payment screens.""}, {""title"": ""Business Analyst"", ""company"": ""Unicredit"", ""start_date"": ""2020-01"", ""end_date"": ""2021-08"", ""description"": ""Created visual dashboard portfolios for loan approvals.""}]","[{""degree"": ""M.S."", ""field"": ""Statistics"", ""school"": ""University of Milan"", ""year"": 2019}]",FinTech Data Analyst | A/B Testing & Tableau Expert,"Using statistical methods and visual reporting to identify checkout drop-off rates, optimize payment flows, and mitigate fraud risk.",Italy,Large,FinTech,,English;Italian,"{""github_activity_score"": 82, ""profile_completeness_score"": 91, ""last_active_date"": ""2026-06-22""}"
C024,John Doe,john.doe@email.com,+1-555-0100,Boston,Senior ML Engineer,Biogen,6.0,Python;PyTorch;Scikit-learn;MLOps;Docker;Kubeflow;AWS;Genomics;Biotech,healthtech,2026-06-18,0.93,0.85,"[{""title"": ""Senior ML Engineer"", ""company"": ""Biogen"", ""start_date"": ""2022-01"", ""end_date"": ""present"", ""description"": ""Scaling genomic target discovery models. Deploying MLOps pipeline with Kubeflow and AWS.""}, {""title"": ""Machine Learning Engineer"", ""company"": ""Novartis"", ""start_date"": ""2020-06"", ""end_date"": ""2021-12"", ""description"": ""Trained molecular simulation models.""}]","[{""degree"": ""M.S."", ""field"": ""Data Science"", ""school"": ""Harvard University"", ""year"": 2020}]",Senior ML Engineer | Biotech & Clinical Target Discovery Specialist,"Specialist in machine learning platforms for bioinformatics, deep learning model deployments, and secure medical data management.",United States,Large,Biotech,AWS Certified Machine Learning - Specialty,English,"{""github_activity_score"": 85, ""profile_completeness_score"": 93, ""last_active_date"": ""2026-06-18""}"
C025,Emily Watson,emily.w@email.com,+44-20-5559,London,Lead Product Designer,SaaSify,8.0,UI/UX Design;Figma;Wireframing;User Research;CSS;HTML;Prototyping,saas,2026-06-24,0.92,0.74,"[{""title"": ""Lead Product Designer"", ""company"": ""SaaSify"", ""start_date"": ""2021-03"", ""end_date"": ""present"", ""description"": ""Designed design systems and layout tokens. Redesigned dashboard and reporting workspace.""}, {""title"": ""Senior UX Designer"", ""company"": ""Miro"", ""start_date"": ""2018-09"", ""end_date"": ""2021-02"", ""description"": ""Led UX research and interface design for mobile applications.""}]","[{""degree"": ""B.A."", ""field"": ""Interaction Design"", ""school"": ""Royal College of Art"", ""year"": 2018}]",Lead UI/UX Product Designer | Design Systems Expert,"Creating intuitive workflows for B2B SaaS platforms. Experienced in user interviews, interface guidelines, and frontend handoffs.",United Kingdom,Medium,SaaS,,English;German,"{""github_activity_score"": 74, ""profile_completeness_score"": 92, ""last_active_date"": ""2026-06-24""}"
C026,Hans Schmidt,hans.s@email.com,+49-30-5550,Berlin,SEO & Growth Manager,Zalando,5.0,SEO;Google Analytics;SEM;A/B Testing;HTML;CSS;Growth Hacking;E-Commerce Marketing,ecommerce,2026-06-15,0.88,0.6,"[{""title"": ""SEO & Growth Manager"", ""company"": ""Zalando"", ""start_date"": ""2022-04"", ""end_date"": ""present"", ""description"": ""Driving organic traffic strategies across EU domains. Increased search conversions by 40%.""}, {""title"": ""Growth Hacker"", ""company"": ""About You"", ""start_date"": ""2021-01"", ""end_date"": ""2022-03"", ""description"": ""Managed landing page conversion optimizations and paid ad campaigns.""}]","[{""degree"": ""B.S."", ""field"": ""E-Business"", ""school"": ""TU Berlin"", ""year"": 2020}]",E-Commerce SEO & Growth Hacker | Search Optimization Expert,"Bridging tech SEO and conversion rates. Expert in site crawling, meta frameworks, and analytical tools.",Germany,Large,E-Commerce,Google Analytics Individual Qualification,English;German,"{""github_activity_score"": 60, ""profile_completeness_score"": 88, ""last_active_date"": ""2026-06-15""}"
C027,Yuki Tanaka,yuki.t@email.com,+81-80-5561,Osaka,Gameplay Programmer,Capcom,4.0,C++;Unity;C#;AI;Physics Engine;Gameplay Systems;DirectX,gaming,2026-06-20,0.9,0.83,"[{""title"": ""Gameplay Programmer"", ""company"": ""Capcom"", ""start_date"": ""2022-04"", ""end_date"": ""present"", ""description"": ""Developing character movement physics and combat AI states for action titles.""}, {""title"": ""Junior Programmer"", ""company"": ""Konami"", ""start_date"": ""2020-04"", ""end_date"": ""2022-03"", ""description"": ""Wrote UI scripts and save-load management states.""}]","[{""degree"": ""B.S."", ""field"": ""Game Programming"", ""school"": ""Osaka University"", ""year"": 2020}]",Gameplay & Physics C++ Programmer | Character AI Specialist,"Passionate about responsive game feel, complex state machines, physics integrations, and runtime performance profiling.",Japan,Large,Gaming,,English;Japanese,"{""github_activity_score"": 83, ""profile_completeness_score"": 90, ""last_active_date"": ""2026-06-20""}"
C028,Ahmed Mansour,ahmed.m@email.com,+20-10-5562,Cairo,Telecom Network Planner,Vodafone Egypt,8.0,LTE;5G;RAN;Microwave;SQL;Python;GIS;Network Planning,telecom,2026-06-12,0.89,0.68,"[{""title"": ""Telecom Network Planner"", ""company"": ""Vodafone Egypt"", ""start_date"": ""2020-03"", ""end_date"": ""present"", ""description"": ""Planning radio access networks (RAN) and optimizing cell coverage nodes for urban expansions.""}, {""title"": ""RF Engineer"", ""company"": ""Etisalat"", ""start_date"": ""2018-01"", ""end_date"": ""2020-02"", ""description"": ""RF survey and frequency interference investigations.""}]","[{""degree"": ""B.S."", ""field"": ""Electronics & Communications"", ""school"": ""Cairo University"", ""year"": 2017}]",Radio Access Network (RAN) Engineer | 5G & LTE Coverage Specialist,Experienced network engineer mapping RF signal coverage and microwave backhauls to ensure high cellular availability.,Egypt,Large,Telecommunications,,English;Arabic,"{""github_activity_score"": 68, ""profile_completeness_score"": 89, ""last_active_date"": ""2026-06-12""}"
C029,Chloe Bennett,chloe.b@email.com,+1-555-0156,Denver,HR Analytics Consultant,Darwinbox,5.0,SQL;Python;Tableau;Excel;HRMS;Data Warehousing;KPI Dashboards,hrtech,2026-06-17,0.86,0.72,"[{""title"": ""HR Analytics Consultant"", ""company"": ""Darwinbox"", ""start_date"": ""2022-09"", ""end_date"": ""present"", ""description"": ""Developing customized employee retention dashboards and metrics databases for clients.""}, {""title"": ""HR Analyst"", ""company"": ""Gartner"", ""start_date"": ""2021-01"", ""end_date"": ""2022-08"", ""description"": ""Compiled reports on global hiring trends and talent metrics.""}]","[{""degree"": ""B.A."", ""field"": ""Human Resource Management"", ""school"": ""University of Denver"", ""year"": 2020}]",HR Data & KPI Analyst | Darwinbox Dashboard Specialist,"Bridging metrics and hiring teams. Expertise in database exports, custom reports, and predictive turnover analytics.",United States,Medium,HR Tech,,English,"{""github_activity_score"": 72, ""profile_completeness_score"": 86, ""last_active_date"": ""2026-06-17""}"
C030,Jane Miller,jane.m@email.com,+1-555-0188,Boston,Senior Security Analyst,Rapid7,6.0,SIEM;Splunk;Incident Response;Threat Hunting;Linux;Python;Wireshark,cybersecurity,2026-06-25,0.94,0.9,"[{""title"": ""Senior Security Analyst"", ""company"": ""Rapid7"", ""start_date"": ""2022-06"", ""end_date"": ""present"", ""description"": ""Investigating complex network alerts, threat intelligence, and building automated Splunk playbooks.""}, {""title"": ""SOC Analyst"", ""company"": ""IBM"", ""start_date"": ""2020-02"", ""end_date"": ""2022-05"", ""description"": ""Monitored security event logs and isolated compromised servers.""}]","[{""degree"": ""B.S."", ""field"": ""Cybersecurity"", ""school"": ""Northeastern University"", ""year"": 2019}]",Senior Incident Responder | threat hunter & Splunk playbook engineer,"6+ years defending enterprise networks. Specialist in forensic log audits, network packet inspections, and rapid incident quarantine.",United States,Large,Cybersecurity,GIAC Certified Incident Handler (GCIH),English,"{""github_activity_score"": 90, ""profile_completeness_score"": 94, ""last_active_date"": ""2026-06-25""}"
C031,Alexandre Dubois,a.dubois@email.com,+33-6-5563,Lyon,Solidity Auditor,Trail of Bits,5.0,Solidity;Static Analysis;Echidna;Slither;Rust;DeFi Security;Cryptography,blockchain,2026-06-21,0.93,0.95,"[{""title"": ""Solidity Auditor"", ""company"": ""Trail of Bits"", ""start_date"": ""2023-03"", ""end_date"": ""present"", ""description"": ""Conducting smart contract audits, verifying contract invariance using Slither and Echidna fuzzers.""}, {""title"": ""Smart Contract Developer"", ""company"": ""Aave"", ""start_date"": ""2021-05"", ""end_date"": ""2023-02"", ""description"": ""Developed lending pool mechanisms and liquidity algorithms.""}]","[{""degree"": ""M.S."", ""field"": ""Cryptography"", ""school"": ""ENS Lyon"", ""year"": 2021}]",Smart Contract Security Auditor | Slither & Echidna Expert,"Securing web3 codebases. Highly skilled in fuzzing, mathematical invariants, and exploit proof-of-concepts.",France,Small,Cybersecurity,,English;French,"{""github_activity_score"": 95, ""profile_completeness_score"": 93, ""last_active_date"": ""2026-06-21""}"
C032,Maria Silva,maria.silva@email.com,+351-91-5564,Lisbon,Logistics Route Optimizer,Farfetch,4.0,Python;SQL;Pandas;NetworkX;Supply Chain Analytics;GIS,logistics,2026-06-19,0.88,0.78,"[{""title"": ""Logistics Route Optimizer"", ""company"": ""Farfetch"", ""start_date"": ""2022-09"", ""end_date"": ""present"", ""description"": ""Optimizing last-mile carrier routes and delivery delays across global distribution hubs.""}, {""title"": ""Supply Chain Analyst"", ""company"": ""Lidl"", ""start_date"": ""2020-07"", ""end_date"": ""2022-08"", ""description"": ""Monitored supply ship delays and storage metrics.""}]","[{""degree"": ""B.S."", ""field"": ""Industrial Engineering"", ""school"": ""University of Lisbon"", ""year"": 2020}]",Supply Chain Analytics Engineer | Routing & Last-Mile Optimizer,Specialist in building spatial dashboards and carrier performance models using Python and GIS libraries.,Portugal,Large,Logistics,,English;Portuguese;Spanish,"{""github_activity_score"": 78, ""profile_completeness_score"": 88, ""last_active_date"": ""2026-06-19""}"
C033,Gabriel Novak,gabriel.n@email.com,+420-720-5565,Prague,EdTech Backend Dev,Lingooda,3.0,Python;Django;PostgreSQL;Redis;WebSockets;REST APIs;Docker;Stripe Integration,edtech,2026-06-10,0.86,0.82,"[{""title"": ""EdTech Backend Dev"", ""company"": ""Lingooda"", ""start_date"": ""2023-05"", ""end_date"": ""present"", ""description"": ""Implementing WebSockets for real-time online classes and classroom metrics. Scaling Stripe payment layers.""}, {""title"": ""Backend Developer"", ""company"": ""Avast"", ""start_date"": ""2021-07"", ""end_date"": ""2023-04"", ""description"": ""Maintained threat databases backend components.""}]","[{""degree"": ""B.S."", ""field"": ""Informatics"", ""school"": ""Charles University"", ""year"": 2021}]",Django Backend Engineer | WebSockets & Stripe Billing Specialist,"3 years experience developing backend architectures for consumer web services, real-time channels, and subscription billing models.",Czech Republic,Medium,Education,,English;Czech,"{""github_activity_score"": 82, ""profile_completeness_score"": 86, ""last_active_date"": ""2026-06-10""}"
C034,Zoe Miller,zoe.m@email.com,+1-555-0143,Austin,AdTech Frontend Engineer,AppLovin,5.0,JavaScript;TypeScript;React;Canvas API;CSS;D3.js;Webpack,adtech,2026-06-23,0.91,0.87,"[{""title"": ""AdTech Frontend Engineer"", ""company"": ""AppLovin"", ""start_date"": ""2022-03"", ""end_date"": ""present"", ""description"": ""Building interactive ad visualizer components, real-time report dashboards using React and Canvas API.""}, {""title"": ""Frontend Engineer"", ""company"": ""Taboola"", ""start_date"": ""2020-01"", ""end_date"": ""2022-02"", ""description"": ""Implemented publisher widget widgets and script payloads.""}]","[{""degree"": ""B.A."", ""field"": ""Creative Technologies"", ""school"": ""University of Texas"", ""year"": 2019}]","Frontend AdTech Developer | React, Canvas & Web Data Visualization Expert","Building data dashboards for high-traffic networks. Expert in DOM scripting, interactive canvas rendering, and CSS optimizations.",United States,Large,Advertising,,English;Spanish,"{""github_activity_score"": 87, ""profile_completeness_score"": 91, ""last_active_date"": ""2026-06-23""}"
C035,Rajesh Patel,rajesh.patel@email.com,+91-9876000000,Ahmedabad,Full Stack Dev,BillDesk,7.0,Java;Spring Boot;Angular;Oracle;Microservices;Docker;Jira,fintech,2026-05-10,0.8,0.5,"[{""title"": ""Full Stack Dev"", ""company"": ""BillDesk"", ""start_date"": ""2019-07"", ""end_date"": ""present"", ""description"": ""Maintaining banking merchant transaction services and core Angular panels.""}]","[{""degree"": ""B.E."", ""field"": ""Computer Engineering"", ""school"": ""Gujarat Technological University"", ""year"": 2019}]",Java Spring Boot & Angular Full Stack Engineer,"Experienced enterprise system developer managing Oracle transactions, Spring microservices, and client portals.",India,Large,FinTech,,English;Gujarati;Hindi,"{""github_activity_score"": 50, ""profile_completeness_score"": 80, ""last_active_date"": ""2026-05-10""}"
C036,Oliver Twist,oliver.twist@email.com,+44-77-5551,Cambridge,Clinical Research Coordinator,AstraZeneca,4.0,Clinical Data;SQL;Excel;Trial Systems;R;Data Integrity,healthtech,2026-06-16,0.85,0.7,"[{""title"": ""Clinical Research Coordinator"", ""company"": ""AstraZeneca"", ""start_date"": ""2022-04"", ""end_date"": ""present"", ""description"": ""Ensuring patient database accuracy and clinical trials validation metrics.""}]","[{""degree"": ""B.S."", ""field"": ""Biomedical Sciences"", ""school"": ""Cambridge University"", ""year"": 2021}]",Clinical Data Specialist | AstraZeneca Trial Systems Coordinator,"Specialist in managing clinical protocol data, clinical database entries, and patient data audit operations.",United Kingdom,Large,Healthcare,,English,"{""github_activity_score"": 70, ""profile_completeness_score"": 85, ""last_active_date"": ""2026-06-16""}"
C037,Jane Austen,jane.austen@email.com,+1-555-0191,Boston,Senior Solutions Engineer,HubSpot,8.0,Python;SaaS Integration;HubSpot;APIs;SQL;Customer Success;Technical Solutions,saas,2026-06-24,0.92,0.79,"[{""title"": ""Senior Solutions Engineer"", ""company"": ""HubSpot"", ""start_date"": ""2020-03"", ""end_date"": ""present"", ""description"": ""Developing custom marketing workflow connectors, pipeline webhooks, and technical presales mappings.""}, {""title"": ""Solutions Engineer"", ""company"": ""Salesforce"", ""start_date"": ""2018-05"", ""end_date"": ""2020-02"", ""description"": ""Mapped custom field solutions for large enterprises.""}]","[{""degree"": ""B.A."", ""field"": ""Economics"", ""school"": ""Boston College"", ""year"": 2018}]",SaaS Solutions Architect | HubSpot custom integrations & workflow specialist,"Expert in connecting business sales systems, building custom API middlewares, and delivering technical solution layouts.",United States,Large,SaaS,,English,"{""github_activity_score"": 79, ""profile_completeness_score"": 92, ""last_active_date"": ""2026-06-24""}"
C038,Ada Lovelace,ada.l@email.com,+44-20-5566,London,Frontend Architect,Farfetch,11.0,JavaScript;React;Design Systems;CSS;Vue.js;TypeScript;Frontend Architecture,ecommerce,2026-06-25,0.98,0.96,"[{""title"": ""Frontend Architect"", ""company"": ""Farfetch"", ""start_date"": ""2019-09"", ""end_date"": ""present"", ""description"": ""Architecting micro-frontend setups and building company-wide design tokens systems. Leading 10 frontend developers.""}, {""title"": ""Lead Dev"", ""company"": ""ASOS"", ""start_date"": ""2015-04"", ""end_date"": ""2019-08"", ""description"": ""Built customized layout modules and search widgets.""}]","[{""degree"": ""B.S."", ""field"": ""Computer Science"", ""school"": ""Imperial College London"", ""year"": 2015}]",Frontend Architect | Micro-Frontends & Design Systems Leader,"11+ years guiding frontend architecture. Focused on scalable components, micro-frontend routing, and web accessibility.",United Kingdom,Large,E-Commerce,,English;French,"{""github_activity_score"": 96, ""profile_completeness_score"": 98, ""last_active_date"": ""2026-06-25""}"
C039,Hideo Kojima,kojima.hideo@email.com,+81-90-5567,Tokyo,Creative Director,Kojima Productions,15.0,Game Design;C++;Unreal Engine;Directing;Storytelling;System Design,gaming,2026-06-25,0.99,0.9,"[{""title"": ""Creative Director"", ""company"": ""Kojima Productions"", ""start_date"": ""2015-12"", ""end_date"": ""present"", ""description"": ""Directing complex AAA titles, managing 150 developers, game narrative design, engine selections.""}, {""title"": ""Director / Lead Designer"", ""company"": ""Konami"", ""start_date"": ""2000-01"", ""end_date"": ""2015-11"", ""description"": ""Designed stealth action franchises.""}]","[{""degree"": ""B.A."", ""field"": ""Media Studies"", ""school"": ""Waseda University"", ""year"": 1986}]",AAA Game Creative Director | Narrative & System Design Pioneer,"Industry veteran leading game design, storytelling structures, C++ physics architectures, and international development studios.",Japan,Medium,Gaming,,English;Japanese,"{""github_activity_score"": 90, ""profile_completeness_score"": 99, ""last_active_date"": ""2026-06-25""}"
C040,Grace Hopper,grace.hopper@email.com,+1-555-0155,Arlington,Principal Compiler Engineer,NVIDIA,12.0,C++;CUDA;Assembly;LLVM;Compiler Design;Parallel Computing,telecom,2026-06-25,0.97,0.92,"[{""title"": ""Principal Compiler Engineer"", ""company"": ""NVIDIA"", ""start_date"": ""2018-09"", ""end_date"": ""present"", ""description"": ""Developing optimizations for CUDA compilers and parallel programming LLVM backends.""}, {""title"": ""Lead Compiler Dev"", ""company"": ""Intel"", ""start_date"": ""2012-06"", ""end_date"": ""2018-08"", ""description"": ""Worked on compiler vectorizations.""}]","[{""degree"": ""Ph.D."", ""field"": ""Mathematics"", ""school"": ""Yale University"", ""year"": 2012}]","Principal Compiler Engineer | CUDA, LLVM & Parallel Computing Expert","Specialist in binary optimizations, instruction layouts, and GPU compiler architectures.",United States,Large,Semiconductors,,English,"{""github_activity_score"": 92, ""profile_completeness_score"": 97, ""last_active_date"": ""2026-06-25""}"
C041,Linus Torvalds,linus.t@email.com,+1-555-0192,Portland,Principal Kernel Maintainer,Linux Foundation,15.0,C;Assembly;Git;Linux Kernel;Systems Architecture;Open Source,saas,2026-06-25,0.99,0.99,"[{""title"": ""Principal Kernel Maintainer"", ""company"": ""Linux Foundation"", ""start_date"": ""2003-01"", ""end_date"": ""present"", ""description"": ""Reviewing and merging kernel patch integrations, coordinating global open source workflows, designing Git structures.""}]","[{""degree"": ""M.S."", ""field"": ""Computer Science"", ""school"": ""University of Helsinki"", ""year"": 1996}]",Principal Linux Kernel Developer | Git & Open Source Pioneer,"Systems software expert specializing in kernel architectures, virtual memory allocation, filesystem designs, and software release management.",United States,Small,Non-Profit,,English;Finnish;Swedish,"{""github_activity_score"": 99, ""profile_completeness_score"": 99, ""last_active_date"": ""2026-06-25""}"
C042,Guido van Rossum,guido.v@email.com,+1-555-0193,San Jose,Distinguished Engineer,Microsoft,15.0,Python;C;Compiler;Language Design;Architecture,saas,2026-06-25,0.99,0.98,"[{""title"": ""Distinguished Engineer"", ""company"": ""Microsoft"", ""start_date"": ""2020-11"", ""end_date"": ""present"", ""description"": ""Improving CPython compiler speed and optimizing runtime libraries.""}, {""title"": ""Principal Engineer"", ""company"": ""Dropbox"", ""start_date"": ""2013-01"", ""end_date"": ""2019-10"", ""description"": ""Managed cloud storage backend migrations.""}]","[{""degree"": ""M.S."", ""field"": ""Mathematics"", ""school"": ""University of Amsterdam"", ""year"": 1982}]",Distinguished Python Software Engineer | Language Designer,"Creator of Python. Decades of experience in interpreter internals, language specs, compile layers, and enterprise cloud APIs.",United States,Large,Technology,,English;Dutch,"{""github_activity_score"": 98, ""profile_completeness_score"": 99, ""last_active_date"": ""2026-06-25""}"
C043,Jane Eyre,jane.eyre@email.com,+44-12-5551,Manchester,HR Specialist,Workday,4.0,HR Systems;Workday;SaaS;KPIs;SQL;Onboarding,hrtech,2026-06-18,0.85,0.65,"[{""title"": ""HR Specialist"", ""company"": ""Workday"", ""start_date"": ""2022-07"", ""end_date"": ""present"", ""description"": ""Maintaining candidate onboarding tables and employee benefit portals.""}]","[{""degree"": ""B.A."", ""field"": ""Literature"", ""school"": ""Manchester University"", ""year"": 2021}]",HR Specialist | SaaS Onboarding Portal Coordinator,"Experienced in configuring HR database pipelines, client setup, and Workday analytics dashboard layouts.",United Kingdom,Large,HR Tech,,English,"{""github_activity_score"": 65, ""profile_completeness_score"": 85, ""last_active_date"": ""2026-06-18""}"
C044,Alice Wonderland,alice.w@email.com,+1-555-0124,Seattle,Senior Solutions Engineer,Zendesk,6.0,SaaS;API;Zendesk;Python;SQL;Customer Integrations;Webhooks,saas,2026-06-24,0.9,0.8,"[{""title"": ""Senior Solutions Engineer"", ""company"": ""Zendesk"", ""start_date"": ""2022-01"", ""end_date"": ""present"", ""description"": ""Developing custom chat widgets integrations, third-party webhook integrations, and client portal layouts.""}, {""title"": ""Solutions Engineer"", ""company"": ""Freshworks"", ""start_date"": ""2020-02"", ""end_date"": ""2021-12"", ""description"": ""Built customer database connectors.""}]","[{""degree"": ""B.S."", ""field"": ""Informatics"", ""school"": ""University of Washington"", ""year"": 2019}]",Senior Solutions Engineer | Zendesk Custom API Specialist,"Bridging business support channels and backend REST APIs. Specialist in ticket routing databases, webhooks, and customer success.",United States,Large,SaaS,,English,"{""github_activity_score"": 80, ""profile_completeness_score"": 90, ""last_active_date"": ""2026-06-24""}"
C045,Bruce Wayne,bruce.w@email.com,+1-555-0109,New York,Security Architect,Wayne Enterprises,11.0,Cybersecurity;Application Security;SIEM;AWS Security;Cryptography;Team Leadership,cybersecurity,2026-06-25,0.96,0.95,"[{""title"": ""Security Architect"", ""company"": ""Wayne Enterprises"", ""start_date"": ""2019-01"", ""end_date"": ""present"", ""description"": ""Leading secure operations centers (SOC), cloud deployment auditing, intrusion forensics, and encryption tools implementations.""}, {""title"": ""Security Lead"", ""company"": ""Arkham Security"", ""start_date"": ""2015-04"", ""end_date"": ""2018-12"", ""description"": ""Designed hardware-level server encryption shields.""}]","[{""degree"": ""M.S."", ""field"": ""Computer Science"", ""school"": ""Columbia University"", ""year"": 2014}]",Principal Security Architect | SOC Forensic & Intrusion Lead,"11+ years architecting zero-trust networks, server intrusion preventions, secure cloud deployments, and custom encryption standards.",United States,Large,Technology,CISSP,English;Spanish;Japanese,"{""github_activity_score"": 95, ""profile_completeness_score"": 96, ""last_active_date"": ""2026-06-25""}"
C046,Vitalik Buterin,vitalik.b@email.com,+1-555-0194,Toronto,Principal Researcher,Ethereum Foundation,10.0,Solidity;Rust;Go;Cryptography;Consensus Protocols;Python;DeFi,blockchain,2026-06-25,0.99,0.99,"[{""title"": ""Principal Researcher"", ""company"": ""Ethereum Foundation"", ""start_date"": ""2014-07"", ""end_date"": ""present"", ""description"": ""Designing proof-of-stake consensus protocols, EVM smart contract structures, cryptography layers, and sharding specifications.""}]","[{""degree"": ""Dr.h.c."", ""field"": ""Computer Science"", ""school"": ""University of Basel"", ""year"": 2018}]",Principal Blockchain Researcher | EVM & Proof-of-Stake Architect,"Founder of Ethereum. Leading decentralization mechanics, game theory systems, Zero-Knowledge proofs, and EVM upgrades.",Canada,Small,Non-Profit,,English;Russian;Mandarin,"{""github_activity_score"": 99, ""profile_completeness_score"": 99, ""last_active_date"": ""2026-06-25""}"
C047,Tony Stark,tony.s@email.com,+1-555-0300,Los Angeles,Principal Robotics Engineer,Stark Industries,14.0,C++;Python;Systems Architecture;Microservices;Embedded Systems;IoT;AWS;System Design,telecom,2026-06-25,0.98,0.97,"[{""title"": ""Principal Robotics Engineer"", ""company"": ""Stark Industries"", ""start_date"": ""2012-06"", ""end_date"": ""present"", ""description"": ""Designing high-performance embedded systems control boards, real-time signal processing modules, and IoT mesh networks.""}]","[{""degree"": ""Ph.D."", ""field"": ""Electrical Engineering"", ""school"": ""MIT"", ""year"": 2010}]",Principal Robotics & Embedded Systems Engineer,"Expert in hardware-software codesign, edge computing networks, real-time operating systems (RTOS), and multi-agent communication grids.",United States,Large,Technology,,English;French,"{""github_activity_score"": 97, ""profile_completeness_score"": 98, ""last_active_date"": ""2026-06-25""}"
C048,Peter Parker,peter.p@email.com,+1-555-0456,New York,Junior Python Dev,Daily Bugle,1.5,Python;Django;SQL;HTML;CSS;JavaScript;Data Processing,saas,2026-06-24,0.82,0.7,"[{""title"": ""Junior Python Dev"", ""company"": ""Daily Bugle"", ""start_date"": ""2025-01"", ""end_date"": ""present"", ""description"": ""Maintaining image classification backend modules and news archival database search pages.""}]","[{""degree"": ""B.S."", ""field"": ""Biophysics"", ""school"": ""Empire State University"", ""year"": 2024}]",Junior Python Developer | Django & Web Data Processing,"Recent graduate building secure backend applications, parsing XML logs, and managing simple relational database setups.",United States,Medium,Publishing,,English,"{""github_activity_score"": 70, ""profile_completeness_score"": 82, ""last_active_date"": ""2026-06-24""}"
C049,Clark Kent,clark.k@email.com,+1-555-0789,Metropolis,Systems Specialist,Daily Planet,4.0,Python;SQL;Docker;Linux;Systems Administration;API Integration,saas,2026-06-20,0.87,0.76,"[{""title"": ""Systems Specialist"", ""company"": ""Daily Planet"", ""start_date"": ""2022-06"", ""end_date"": ""present"", ""description"": ""Administering internal servers, custom database scripts, and automated script pipelines.""}]","[{""degree"": ""B.A."", ""field"": ""Journalism"", ""school"": ""University of Metropolis"", ""year"": 2021}]","Systems Specialist | Python, SQL & Docker Server Admin",Bridging software development and network administration. Experience in Dockerizing web frameworks and scheduling Cron tasks.,United States,Medium,Publishing,,English,"{""github_activity_score"": 76, ""profile_completeness_score"": 87, ""last_active_date"": ""2026-06-20""}"
C050,Diana Prince,diana.p@email.com,+1-555-0900,Washington D.C.,Lead Security Researcher,Smithsonian,12.0,Cybersecurity;Reverse Engineering;Penetration Testing;System Architecture;Team Leadership,cybersecurity,2026-06-25,0.95,0.9,"[{""title"": ""Lead Security Researcher"", ""company"": ""Smithsonian"", ""start_date"": ""2014-03"", ""end_date"": ""present"", ""description"": ""Directing secure archivals network setups and auditing digital authentication codes.""}]","[{""degree"": ""Ph.D."", ""field"": ""History & Archaeology"", ""school"": ""Oxford University"", ""year"": 2012}]",Lead Security Researcher | Secure Archival & Digital Forensic Expert,"Over 12 years auditing secure document servers, reversing binary databases, and leading remote compliance groups.",United States,Large,Public Sector,GIAC Reverse Engineering Malware (GREM),English;Greek;French;German,"{""github_activity_score"": 90, ""profile_completeness_score"": 95, ""last_active_date"": ""2026-06-25""}"
